StaldID,GoedningsID,Aar,DyrID,DyrNavn,StaldNavn,GoedningsNavn,NabDyr,TANabDyr,GoednabDyr,TSabDyr,VSStald,VSAfgræsning,NDyr,NDyr_mod,TotNabDyr,TotTANabDyr,TotGoednabDyr,CH4_dyr_stald,CH4_dyr_Stald_aft,CH4_dyr_lager,CH4_dyr_afg,CH4_dyr_biog,CH4_stald_stald,CH4_stald_Stald_aft,CH4_stald_lager,CH4_stald_afg,CH4_stald_biog,NH3_dyr_stald,NH3_dyr_lager
2,1,2021,5,"Tyre, 6 mdr.-440 kg, st. race",Spaltegulvbokse,Gylle,23.5,15.56,2.72,13,0.28288,0,32260.196,32260.196,758114.606,501968.64976,87747.73312,,,,,,,,,,,,
2,1,2021,6,"Tyre, 6 mdr.-328 kg, jersey",Spaltegulvbokse,Gylle,18.39,12.1,2.16,13,0.22464,0,532.272,532.272,9788.48208,6440.4912,1149.70752,,,,,,,,,,,,
2,1,2021,9,"Opdræt, 6 mdr.-kælv., jersey",Spaltegulvbokse,Gylle,37.86,25.45,4.26,15,0.326327671232877,0.184872328767123,4849.785,4849.785,183612.8601,123427.02825,20660.0841,,,,,,,,,,,,
2,1,2021,10,"Opdræt, 6 mdr.-kælv., st. race",Spaltegulvbokse,Gylle,50.4,33.85,5.68,15,0.435103561643836,0.246496438356164,68118.304,68118.304,3433162.5216,2305804.5904,386911.96672,,,,,,,,,,,,
3,2,2021,1,"Malkekøer, st. race",Bindestald m. grebning,Ajle,68.15,68.15,9.85,5,0.374569863013699,0.0194301369863014,5761.539,5761.539,392648.88285,392648.88285,56751.15915,,,,,,,,,,,,
3,2,2021,2,"Malkekøer, jersey",Bindestald m. grebning,Ajle,56.43,56.43,7.95,5,0.302317808219178,0.0156821917808219,1765.36,1765.36,99619.2648,99619.2648,14034.612,,,,,,,,,,,,
3,2,2021,5,"Tyre, 6 mdr.-440 kg, st. race",Bindestald m. grebning,Ajle,15.56,15.56,0.91,5,0.0364,0,1583.322,1583.322,24636.49032,24636.49032,1440.82302,,,,,,,,,,,,
3,2,2021,6,"Tyre, 6 mdr.-328 kg, jersey",Bindestald m. grebning,Ajle,12.1,12.1,0.72,5,0.0288,0,77.515,77.515,937.9315,937.9315,55.8108,,,,,,,,,,,,
3,2,2021,9,"Opdræt, 6 mdr.-kælv., jersey",Bindestald m. grebning,Ajle,25.45,25.45,1.42,5,0.0362586301369863,0.0205413698630137,746.121,746.121,18988.77945,18988.77945,1059.49182,,,,,,,,,,,,
3,2,2021,10,"Opdræt, 6 mdr.-kælv., st. race",Bindestald m. grebning,Ajle,33.85,33.85,1.89,5,0.0482597260273973,0.0273402739726027,5576.937,5576.937,188779.31745,188779.31745,10540.41093,,,,,,,,,,,,
3,2,2021,11,Ammekøer >600 kg,Bindestald m. grebning,Ajle,50.21,50.21,3.05,5,0.0471287671232877,0.0748712328767123,3301.368,3301.368,165761.68728,165761.68728,10069.1724,,,,,,,,,,,,
3,2,2021,29,Ammekøer <400 kg,Bindestald m. grebning,Ajle,30.1,30.1,1.86,5,0.0287408219178082,0.0456591780821918,35.237,35.237,1060.6337,1060.6337,65.54082,,,,,,,,,,,,
3,2,2021,30,Ammekøer 400-600 kg,Bindestald m. grebning,Ajle,44.04,44.04,2.69,5,0.0415660273972603,0.0660339726027397,1676.882,1676.882,73849.88328,73849.88328,4510.81258,,,,,,,,,,,,
3,4,2021,1,"Malkekøer, st. race",Bindestald m. grebning,Fast gødning,92.89,0,18.22,13.5,2.20873248082192,0.0970402191780822,5761.539,5761.539,535189.35771,0,104975.24058,,,,,,,,,,,,
3,4,2021,2,"Malkekøer, jersey",Bindestald m. grebning,Fast gødning,76.91,0,14.71,13.5,1.7920113869863,0.0783458630136986,1765.36,1765.36,135773.8376,0,25968.4456,,,,,,,,,,,,
3,4,2021,5,"Tyre, 6 mdr.-440 kg, st. race",Bindestald m. grebning,Fast gødning,7.93,0,1.82,17,0.4697365625,0,1583.322,1583.322,12555.74346,0,2881.64604,,,,,,,,,,,,
3,4,2021,6,"Tyre, 6 mdr.-328 kg, jersey",Bindestald m. grebning,Fast gødning,6.29,0,1.44,17,0.37361325,0,77.515,77.515,487.56935,0,111.6216,,,,,,,,,,,,
3,4,2021,9,"Opdræt, 6 mdr.-kælv., jersey",Bindestald m. grebning,Fast gødning,12.41,0,2.84,20,0.41377974109589,0.16433095890411,746.121,746.121,9259.36161,0,2118.98364,,,,,,,,,,,,
3,4,2021,10,"Opdræt, 6 mdr.-kælv., st. race",Bindestald m. grebning,Fast gødning,16.55,0,3.78,20,0.540716183219178,0.218722191780822,5576.937,5576.937,92298.30735,0,21080.82186,,,,,,,,,,,,
3,4,2021,11,Ammekøer >600 kg,Bindestald m. grebning,Fast gødning,22.2,0,5.28,18.13,0.387399315616438,0.469977284383562,3301.368,3301.368,73290.3696,0,17431.22304,,,,,,,,,,,,
3,4,2021,29,Ammekøer <400 kg,Bindestald m. grebning,Fast gødning,13.54,0,3.22,18.13,0.249087915205479,0.286614934794521,35.237,35.237,477.10898,0,113.46314,,,,,,,,,,,,
3,4,2021,30,Ammekøer 400-600 kg,Bindestald m. grebning,Fast gødning,19.59,0,4.66,18.13,0.352661242191781,0.414790557808219,1676.882,1676.882,32850.11838,0,7814.27012,,,,,,,,,,,,
4,1,2021,1,"Malkekøer, st. race",Bindestald m. riste,Gylle,161.03,68.15,28.06,10.52,2.5830833060274,0.116458993972603,8642.308,8642.308,1391670.85724,588973.2902,242503.16248,0.145779435406714,0.241192207316194,2.17088275633276,0.343481229459925,14.2910537729244,0.145022799746634,0.239940352934404,2.15961527335266,0.341698466712543,14.9444185464108,0.488144459115361,0.0664676935545074
4,1,2021,2,"Malkekøer, jersey",Bindestald m. riste,Gylle,133.34,56.43,22.66,10.52,2.09469577931507,0.0940470706849315,588.453,588.453,78464.32302,33206.40279,13334.34498,0.145779435406714,0.241192207316194,2.17088275633276,0.343481229459925,14.2910537729244,0.145022799746634,0.239940352934404,2.15961527335266,0.341698466712543,14.9444185464108,0.488144459115361,0.0664676935545074
4,1,2021,5,"Tyre, 6 mdr.-440 kg, st. race",Bindestald m. riste,Gylle,23.5,15.56,2.72,13,0.5050965625,0,395.831,395.831,9302.0285,6159.13036,1076.66032,0.145779435406714,0.241192207316194,2.17088275633276,0.343481229459925,14.2910537729244,0.145022799746634,0.239940352934404,2.15961527335266,0.341698466712543,14.9444185464108,0.488144459115361,0.0664676935545074
4,1,2021,6,"Tyre, 6 mdr.-328 kg, jersey",Bindestald m. riste,Gylle,18.39,12.1,2.16,13,0.40241325,0,5.168,5.168,95.03952,62.5328,11.16288,0.145779435406714,0.241192207316194,2.17088275633276,0.343481229459925,14.2910537729244,0.145022799746634,0.239940352934404,2.15961527335266,0.341698466712543,14.9444185464108,0.488144459115361,0.0664676935545074
4,1,2021,9,"Opdræt, 6 mdr.-kælv., jersey",Bindestald m. riste,Gylle,37.86,25.45,4.26,15,0.450038371232877,0.184872328767123,266.472,266.472,10088.62992,6781.7124,1135.17072,0.145779435406714,0.241192207316194,2.17088275633276,0.343481229459925,14.2910537729244,0.145022799746634,0.239940352934404,2.15961527335266,0.341698466712543,14.9444185464108,0.488144459115361,0.0664676935545074
4,1,2021,10,"Opdræt, 6 mdr.-kælv., st. race",Bindestald m. riste,Gylle,50.4,33.85,5.68,15,0.589741936643836,0.246496438356164,2390.116,2390.116,120461.8464,80905.4266,13575.85888,0.145779435406714,0.241192207316194,2.17088275633276,0.343481229459925,14.2910537729244,0.145022799746634,0.239940352934404,2.15961527335266,0.341698466712543,14.9444185464108,0.488144459115361,0.0664676935545074
4,1,2021,11,Ammekøer >600 kg,Bindestald m. riste,Gylle,72.41,50.21,8.33,13.32,0.434463802191781,0.544746397808219,2292.617,2292.617,166008.39697,115112.29957,19097.49961,0.145779435406714,0.241192207316194,2.17088275633276,0.343481229459925,14.2910537729244,0.145022799746634,0.239940352934404,2.15961527335266,0.341698466712543,14.9444185464108,0.488144459115361,0.0664676935545074
4,1,2021,29,Ammekøer <400 kg,Bindestald m. riste,Gylle,43.64,30.1,5.08,13.32,0.277788561780822,0.332210288219178,35.237,35.237,1537.74268,1060.6337,179.00396,0.145779435406714,0.241192207316194,2.17088275633276,0.343481229459925,14.2910537729244,0.145022799746634,0.239940352934404,2.15961527335266,0.341698466712543,14.9444185464108,0.488144459115361,0.0664676935545074
4,1,2021,30,Ammekøer 400-600 kg,Bindestald m. riste,Gylle,63.62,44.04,7.35,13.32,0.39412281369863,0.48065858630137,1176.759,1176.759,74865.40758,51824.46636,8649.17865,0.145779435406714,0.241192207316194,2.17088275633276,0.343481229459925,14.2910537729244,0.145022799746634,0.239940352934404,2.15961527335266,0.341698466712543,14.9444185464108,0.488144459115361,0.0664676935545074
5,1,2021,1,"Malkekøer, st. race","Sengebåse, fast gulv, skraberanlæg",Gylle,161.03,68.15,28.06,10.52,2.3577415060274,0.116458993972603,78741.032,78741.032,12679668.38296,5366201.3308,2209473.35792,0.145779435406714,0.241192207316194,2.17088275633276,0.343481229459925,14.2910537729244,0.145022799746634,0.239940352934404,2.15961527335266,0.341698466712543,14.9444185464108,0.488144459115361,0.0664676935545074
5,1,2021,2,"Malkekøer, jersey","Sengebåse, fast gulv, skraberanlæg",Gylle,133.34,56.43,22.66,10.52,1.89752170431507,0.0940470706849315,15467.915,15467.915,2062491.7861,872854.44345,350502.9539,0.145779435406714,0.241192207316194,2.17088275633276,0.343481229459925,14.2910537729244,0.145022799746634,0.239940352934404,2.15961527335266,0.341698466712543,14.9444185464108,0.488144459115361,0.0664676935545074
5,1,2021,5,"Tyre, 6 mdr.-440 kg, st. race","Sengebåse, fast gulv, skraberanlæg",Gylle,23.5,15.56,2.72,13,0.371766625,0,9499.935,9499.935,223248.4725,147818.9886,25839.8232,0.145779435406714,0.241192207316194,2.17088275633276,0.343481229459925,14.2910537729244,0.145022799746634,0.239940352934404,2.15961527335266,0.341698466712543,14.9444185464108,0.488144459115361,0.0664676935545074
5,1,2021,6,"Tyre, 6 mdr.-328 kg, jersey","Sengebåse, fast gulv, skraberanlæg",Gylle,18.39,12.1,2.16,13,0.28389775,0,67.18,67.18,1235.4402,812.878,145.1088,0.145779435406714,0.241192207316194,2.17088275633276,0.343481229459925,14.2910537729244,0.145022799746634,0.239940352934404,2.15961527335266,0.341698466712543,14.9444185464108,0.488144459115361,0.0664676935545074
5,1,2021,9,"Opdræt, 6 mdr.-kælv., jersey","Sengebåse, fast gulv, skraberanlæg",Gylle,37.86,25.45,4.26,15,0.367564571232877,0.184872328767123,5755.789,5755.789,217914.17154,146484.83005,24519.66114,0.145779435406714,0.241192207316194,2.17088275633276,0.343481229459925,14.2910537729244,0.145022799746634,0.239940352934404,2.15961527335266,0.341698466712543,14.9444185464108,0.488144459115361,0.0664676935545074
5,1,2021,10,"Opdræt, 6 mdr.-kælv., st. race","Sengebåse, fast gulv, skraberanlæg",Gylle,50.4,33.85,5.68,15,0.496958911643836,0.246496438356164,35453.386,35453.386,1786850.6544,1200097.1161,201375.23248,0.145779435406714,0.241192207316194,2.17088275633276,0.343481229459925,14.2910537729244,0.145022799746634,0.239940352934404,2.15961527335266,0.341698466712543,14.9444185464108,0.488144459115361,0.0664676935545074
6,1,2021,1,"Malkekøer, st. race","Sengebåse, spalter, bagskyl/ringkanalanlæg",Gylle,161.03,68.15,28.06,10.52,2.3577415060274,0.116458993972603,211736.555,211736.555,34095937.45165,14429846.22325,5941327.7333,1.7092391819686,1.77689869813976,1.53942573953447,0.304179972132263,12.5721861275543,1.70036775704454,1.76767610158071,1.53143569342593,0.302601193799399,13.2344723003575,0.329479642243311,0.0718279914218064
6,1,2021,2,"Malkekøer, jersey","Sengebåse, spalter, bagskyl/ringkanalanlæg",Gylle,133.34,56.43,22.66,10.52,1.89752170431507,0.0940470706849315,28497.953,28497.953,3799917.05302,1608139.48779,645763.61498,1.7092391819686,1.77689869813976,1.53942573953447,0.304179972132263,12.5721861275543,1.70036775704454,1.76767610158071,1.53143569342593,0.302601193799399,13.2344723003575,0.329479642243311,0.0718279914218064
6,1,2021,5,"Tyre, 6 mdr.-440 kg, st. race","Sengebåse, spalter, bagskyl/ringkanalanlæg",Gylle,23.5,15.56,2.72,13,0.371766625,0,16031.14,16031.14,376731.79,249444.5384,43604.7008,1.7092391819686,1.77689869813976,1.53942573953447,0.304179972132263,12.5721861275543,1.70036775704454,1.76767610158071,1.53143569342593,0.302601193799399,13.2344723003575,0.329479642243311,0.0718279914218064
6,1,2021,6,"Tyre, 6 mdr.-328 kg, jersey","Sengebåse, spalter, bagskyl/ringkanalanlæg",Gylle,18.39,12.1,2.16,13,0.28389775,0,98.186,98.186,1805.64054,1188.0506,212.08176,1.7092391819686,1.77689869813976,1.53942573953447,0.304179972132263,12.5721861275543,1.70036775704454,1.76767610158071,1.53143569342593,0.302601193799399,13.2344723003575,0.329479642243311,0.0718279914218064
6,1,2021,9,"Opdræt, 6 mdr.-kælv., jersey","Sengebåse, spalter, bagskyl/ringkanalanlæg",Gylle,37.86,25.45,4.26,15,0.367564571232877,0.184872328767123,12684.054,12684.054,480218.28444,322809.1743,54034.07004,1.7092391819686,1.77689869813976,1.53942573953447,0.304179972132263,12.5721861275543,1.70036775704454,1.76767610158071,1.53143569342593,0.302601193799399,13.2344723003575,0.329479642243311,0.0718279914218064
6,1,2021,10,"Opdræt, 6 mdr.-kælv., st. race","Sengebåse, spalter, bagskyl/ringkanalanlæg",Gylle,50.4,33.85,5.68,15,0.496958911643836,0.246496438356164,117514.033,117514.033,5922707.2632,3977850.01705,667479.70744,1.7092391819686,1.77689869813976,1.53942573953447,0.304179972132263,12.5721861275543,1.70036775704454,1.76767610158071,1.53143569342593,0.302601193799399,13.2344723003575,0.329479642243311,0.0718279914218064
6,1,2021,11,Ammekøer >600 kg,"Sengebåse, spalter, bagskyl/ringkanalanlæg",Gylle,72.41,50.21,8.33,13.32,0.377235427191781,0.544746397808219,733.637,733.637,53122.65517,36835.91377,6111.19621,1.7092391819686,1.77689869813976,1.53942573953447,0.304179972132263,12.5721861275543,1.70036775704454,1.76767610158071,1.53143569342593,0.302601193799399,13.2344723003575,0.329479642243311,0.0718279914218064
6,1,2021,29,Ammekøer <400 kg,"Sengebåse, spalter, bagskyl/ringkanalanlæg",Gylle,43.64,30.1,5.08,13.32,0.232005861780822,0.332210288219178,0,0,0,0,0,1.7092391819686,1.77689869813976,1.53942573953447,0.304179972132263,12.5721861275543,1.70036775704454,1.76767610158071,1.53143569342593,0.302601193799399,13.2344723003575,0.329479642243311,0.0718279914218064
6,1,2021,30,Ammekøer 400-600 kg,"Sengebåse, spalter, bagskyl/ringkanalanlæg",Gylle,63.62,44.04,7.35,13.32,0.33689443869863,0.48065858630137,676.636,676.636,43047.58232,29799.04944,4973.2746,1.7092391819686,1.77689869813976,1.53942573953447,0.304179972132263,12.5721861275543,1.70036775704454,1.76767610158071,1.53143569342593,0.302601193799399,13.2344723003575,0.329479642243311,0.0718279914218064
7,1,2021,1,"Malkekøer, st. race","Sengebåse, spalter, skraberanlæg",Gylle,161.03,68.15,28.06,10.52,2.3577415060274,0.116458993972603,103707.7,103707.7,16700050.931,7067679.755,2910038.062,0.145779435406714,0.241192207316194,2.17088275633276,0.343481229459925,14.2910537729244,0.145022799746634,0.239940352934404,2.15961527335266,0.341698466712543,14.9444185464108,0.488144459115361,0.0664676935545074
7,1,2021,2,"Malkekøer, jersey","Sengebåse, spalter, skraberanlæg",Gylle,133.34,56.43,22.66,10.52,1.89752170431507,0.0940470706849315,16897.016,16897.016,2253048.11344,953498.61288,382886.38256,0.145779435406714,0.241192207316194,2.17088275633276,0.343481229459925,14.2910537729244,0.145022799746634,0.239940352934404,2.15961527335266,0.341698466712543,14.9444185464108,0.488144459115361,0.0664676935545074
7,1,2021,5,"Tyre, 6 mdr.-440 kg, st. race","Sengebåse, spalter, skraberanlæg",Gylle,23.5,15.56,2.72,13,0.371766625,0,10093.681,10093.681,237201.5035,157057.67636,27454.81232,0.145779435406714,0.241192207316194,2.17088275633276,0.343481229459925,14.2910537729244,0.145022799746634,0.239940352934404,2.15961527335266,0.341698466712543,14.9444185464108,0.488144459115361,0.0664676935545074
7,1,2021,6,"Tyre, 6 mdr.-328 kg, jersey","Sengebåse, spalter, skraberanlæg",Gylle,18.39,12.1,2.16,13,0.28389775,0,113.689,113.689,2090.74071,1375.6369,245.56824,0.145779435406714,0.241192207316194,2.17088275633276,0.343481229459925,14.2910537729244,0.145022799746634,0.239940352934404,2.15961527335266,0.341698466712543,14.9444185464108,0.488144459115361,0.0664676935545074
7,1,2021,9,"Opdræt, 6 mdr.-kælv., jersey","Sengebåse, spalter, skraberanlæg",Gylle,37.86,25.45,4.26,15,0.367564571232877,0.184872328767123,6235.438,6235.438,236073.68268,158691.8971,26562.96588,0.145779435406714,0.241192207316194,2.17088275633276,0.343481229459925,14.2910537729244,0.145022799746634,0.239940352934404,2.15961527335266,0.341698466712543,14.9444185464108,0.488144459115361,0.0664676935545074
7,1,2021,10,"Opdræt, 6 mdr.-kælv., st. race","Sengebåse, spalter, skraberanlæg",Gylle,50.4,33.85,5.68,15,0.496958911643836,0.246496438356164,42623.734,42623.734,2148236.1936,1442813.3959,242102.80912,0.145779435406714,0.241192207316194,2.17088275633276,0.343481229459925,14.2910537729244,0.145022799746634,0.239940352934404,2.15961527335266,0.341698466712543,14.9444185464108,0.488144459115361,0.0664676935545074
7,1,2021,11,Ammekøer >600 kg,"Sengebåse, spalter, skraberanlæg",Gylle,72.41,50.21,8.33,13.32,0.377235427191781,0.544746397808219,320.966,320.966,23241.14806,16115.70286,2673.64678,0.145779435406714,0.241192207316194,2.17088275633276,0.343481229459925,14.2910537729244,0.145022799746634,0.239940352934404,2.15961527335266,0.341698466712543,14.9444185464108,0.488144459115361,0.0664676935545074
7,1,2021,29,Ammekøer <400 kg,"Sengebåse, spalter, skraberanlæg",Gylle,43.64,30.1,5.08,13.32,0.232005861780822,0.332210288219178,0,0,0,0,0,0.145779435406714,0.241192207316194,2.17088275633276,0.343481229459925,14.2910537729244,0.145022799746634,0.239940352934404,2.15961527335266,0.341698466712543,14.9444185464108,0.488144459115361,0.0664676935545074
7,1,2021,30,Ammekøer 400-600 kg,"Sengebåse, spalter, skraberanlæg",Gylle,63.62,44.04,7.35,13.32,0.33689443869863,0.48065858630137,264.771,264.771,16844.73102,11660.51484,1946.06685,0.145779435406714,0.241192207316194,2.17088275633276,0.343481229459925,14.2910537729244,0.145022799746634,0.239940352934404,2.15961527335266,0.341698466712543,14.9444185464108,0.488144459115361,0.0664676935545074
8,10,2021,12,Årssøer,Dybstrøelse + fast gulv,Gylle,11.04,8.1,1.89,7.66,0.1158192,0,4331.842,1.42247510615593,15.7041251719615,11.5220483598631,2.68847795063471,1.89284331268802,2.06478443105253,2.70852610152438,0.101847350370952,11.5340059608395,1.8571273428997,2.02582411253881,2.6574190522697,0.0999255975959145,15.1687651108743,0.406485921240563,0.0534849896369162
8,10,2021,12,Årssøer,Dybstrøelse + fast gulv,Gylle,11.04,8.1,1.89,7.66,0.1158192,0,4331.842,1.42247510615593,15.7041251719615,11.5220483598631,2.68847795063471,0.762065961994013,0.9774624645359,3.39306301401955,0.117836279156887,13.3447197325058,0.747686575864774,0.95901877211901,3.32903947055651,0.115612832050555,16.9453126111273,0.406485921240563,0.0534849896369162
8,10,2021,12,Årssøer,Dybstrøelse + fast gulv,Gylle,11.04,8.1,1.89,7.66,0.1158192,0,4331.842,1.42247510615593,15.7041251719615,11.5220483598631,2.68847795063471,0.184657364606472,0.422243480701725,3.7426079516337,0.126000702452374,14.2693241195025,0.181173073639931,0.414276188692412,3.67198886148816,0.123623201234006,17.8524706822399,0.406485921240563,0.0534849896369162
8,16,2021,12,Årssøer,Dybstrøelse + fast gulv,Dybstrøelse,5.44,5.44,0.93,7.66,0.3414276,0,4331.842,1.42247510615593,7.73826457748828,7.73826457748828,1.32290184872502,,,,,,,,,,,,
9,6,2021,1,"Malkekøer, st. race",Dybstrøelse (hele arealet),"Dybstrøelse, gødningsmåtte",161.03,161.03,28.06,10.52,5.6251976060274,0.116458993972603,30728.208,30728.208,4948163.33424,4948163.33424,862233.51648,,,,,,,,,,,,
9,6,2021,2,"Malkekøer, jersey",Dybstrøelse (hele arealet),"Dybstrøelse, gødningsmåtte",133.34,133.34,22.66,10.52,4.62979102931507,0.0940470706849315,6220.792,6220.792,829480.40528,829480.40528,140963.14672,,,,,,,,,,,,
9,6,2021,5,"Tyre, 6 mdr.-440 kg, st. race",Dybstrøelse (hele arealet),"Dybstrøelse, gødningsmåtte",23.5,23.5,2.72,13,1.40877725,0,112415.896,112415.896,2641773.556,2641773.556,305771.23712,,,,,,,,,,,,
9,6,2021,6,"Tyre, 6 mdr.-328 kg, jersey",Dybstrøelse (hele arealet),"Dybstrøelse, gødningsmåtte",18.39,18.39,2.16,13,1.083877375,0,4092.81,4092.81,75266.7759,75266.7759,8840.4696,,,,,,,,,,,,
9,6,2021,9,"Opdræt, 6 mdr.-kælv., jersey",Dybstrøelse (hele arealet),"Dybstrøelse, gødningsmåtte",37.86,37.86,4.26,15,1.35725017123288,0.184872328767123,15508.655,15508.655,587157.6783,587157.6783,66066.8703,,,,,,,,,,,,
9,6,2021,10,"Opdræt, 6 mdr.-kælv., st. race",Dybstrøelse (hele arealet),"Dybstrøelse, gødningsmåtte",50.4,50.4,5.68,15,1.67221056164384,0.246496438356164,90426.052,90426.052,4557473.0208,4557473.0208,513619.97536,,,,,,,,,,,,
9,6,2021,11,Ammekøer >600 kg,Dybstrøelse (hele arealet),"Dybstrøelse, gødningsmåtte",72.41,72.41,8.33,13.32,1.25855240219178,0.544746397808219,35306.299,35306.299,2556529.11059,2556529.11059,294101.47067,,,,,,,,,,,,
9,6,2021,29,Ammekøer <400 kg,Dybstrøelse (hele arealet),"Dybstrøelse, gødningsmåtte",43.64,43.64,5.08,13.32,0.895855011780822,0.332210288219178,3361.597,3361.597,146700.09308,146700.09308,17076.91276,,,,,,,,,,,,
9,6,2021,30,Ammekøer 400-600 kg,Dybstrøelse (hele arealet),"Dybstrøelse, gødningsmåtte",63.62,63.62,7.35,13.32,1.21821141369863,0.48065858630137,23064.478,23064.478,1467362.09036,1467362.09036,169523.9133,,,,,,,,,,,,
9,9,2021,3,"Tyre, 0-6 mdr., st. race",Dybstrøelse (hele arealet),"Dybstrøelse, gødningsmåtte < 1 mdr",12.56,12.56,1.37,11.8,0.573761125,0,195458.594,195458.594,2454959.94064,2454959.94064,267778.27378,,,,,,,,,,,,
9,9,2021,4,"Tyre, 0-6 mdr., jersey",Dybstrøelse (hele arealet),"Dybstrøelse, gødningsmåtte < 1 mdr",9.11,9.11,0.97,11.8,0.4471145,0,2856.029,2856.029,26018.42419,26018.42419,2770.34813,,,,,,,,,,,,
9,9,2021,7,"Opdræt, 0-6 mdr., st. race",Dybstrøelse (hele arealet),"Dybstrøelse, gødningsmåtte < 1 mdr",26.73,26.73,2.46,11.8,0.676657125,0,141978.549,141978.549,3795086.61477,3795086.61477,349267.23054,,,,,,,,,,,,
9,9,2021,8,"Opdræt, 0-6 mdr., jersey",Dybstrøelse (hele arealet),"Dybstrøelse, gødningsmåtte < 1 mdr",20.05,20.05,1.84,11.8,0.5292425,0,20284.47,20284.47,406703.6235,406703.6235,37323.4248,,,,,,,,,,,,
10,10,2021,12,Årssøer,Dybstrøelse + spaltegulv,Gylle,11.04,8.1,1.89,7.66,0.1158192,0,38986.576,1.42247510615593,15.7041251719615,11.5220483598631,2.68847795063471,1.89284331268802,2.06478443105253,2.70852610152438,0.101847350370952,11.5340059608395,1.8571273428997,2.02582411253881,2.6574190522697,0.0999255975959145,15.1687651108743,0.406485921240563,0.0534849896369162
10,10,2021,12,Årssøer,Dybstrøelse + spaltegulv,Gylle,11.04,8.1,1.89,7.66,0.1158192,0,38986.576,1.42247510615593,15.7041251719615,11.5220483598631,2.68847795063471,0.762065961994013,0.9774624645359,3.39306301401955,0.117836279156887,13.3447197325058,0.747686575864774,0.95901877211901,3.32903947055651,0.115612832050555,16.9453126111273,0.406485921240563,0.0534849896369162
10,10,2021,12,Årssøer,Dybstrøelse + spaltegulv,Gylle,11.04,8.1,1.89,7.66,0.1158192,0,38986.576,1.42247510615593,15.7041251719615,11.5220483598631,2.68847795063471,0.184657364606472,0.422243480701725,3.7426079516337,0.126000702452374,14.2693241195025,0.181173073639931,0.414276188692412,3.67198886148816,0.123623201234006,17.8524706822399,0.406485921240563,0.0534849896369162
10,16,2021,12,Årssøer,Dybstrøelse + spaltegulv,Dybstrøelse,5.44,5.44,0.93,7.66,0.3414276,0,38986.576,1.42247510615593,7.73826457748828,7.73826457748828,1.32290184872502,,,,,,,,,,,,
11,1,2021,1,"Malkekøer, st. race","Dybstrøelse, fast gulv, skraberanlæg",Gylle,64.41,27.26,11.23,10.52,0.898508300273973,0.0466084997260274,2880.769,2880.769,185550.33129,78529.76294,32351.03587,0.145779435406714,0.241192207316194,2.17088275633276,0.343481229459925,14.2910537729244,0.145022799746634,0.239940352934404,2.15961527335266,0.341698466712543,14.9444185464108,0.488144459115361,0.0664676935545074
11,1,2021,2,"Malkekøer, jersey","Dybstrøelse, fast gulv, skraberanlæg",Gylle,53.34,22.57,9.06,10.52,0.724887373150685,0.0376022268493151,1933.489,1933.489,103132.30326,43638.84673,17517.41034,0.145779435406714,0.241192207316194,2.17088275633276,0.343481229459925,14.2910537729244,0.145022799746634,0.239940352934404,2.15961527335266,0.341698466712543,14.9444185464108,0.488144459115361,0.0664676935545074
11,1,2021,5,"Tyre, 6 mdr.-440 kg, st. race","Dybstrøelse, fast gulv, skraberanlæg",Gylle,9.4,6.23,1.09,13,0.11336,0,1583.322,1583.322,14883.2268,9864.09606,1725.82098,0.145779435406714,0.241192207316194,2.17088275633276,0.343481229459925,14.2910537729244,0.145022799746634,0.239940352934404,2.15961527335266,0.341698466712543,14.9444185464108,0.488144459115361,0.0664676935545074
11,1,2021,6,"Tyre, 6 mdr.-328 kg, jersey","Dybstrøelse, fast gulv, skraberanlæg",Gylle,7.36,4.84,0.86,13,0.08944,0,15.503,15.503,114.10208,75.03452,13.33258,0.145779435406714,0.241192207316194,2.17088275633276,0.343481229459925,14.2910537729244,0.145022799746634,0.239940352934404,2.15961527335266,0.341698466712543,14.9444185464108,0.488144459115361,0.0664676935545074
11,1,2021,9,"Opdræt, 6 mdr.-kælv., jersey","Dybstrøelse, fast gulv, skraberanlæg",Gylle,15.15,10.18,1.7,15,0.130224657534247,0.0737753424657534,639.532,639.532,9688.9098,6510.43576,1087.2044,0.145779435406714,0.241192207316194,2.17088275633276,0.343481229459925,14.2910537729244,0.145022799746634,0.239940352934404,2.15961527335266,0.341698466712543,14.9444185464108,0.488144459115361,0.0664676935545074
11,1,2021,10,"Opdræt, 6 mdr.-kælv., st. race","Dybstrøelse, fast gulv, skraberanlæg",Gylle,20.16,13.54,2.27,15,0.173888219178082,0.0985117808219178,5178.585,5178.585,104400.2736,70118.0409,11755.38795,0.145779435406714,0.241192207316194,2.17088275633276,0.343481229459925,14.2910537729244,0.145022799746634,0.239940352934404,2.15961527335266,0.341698466712543,14.9444185464108,0.488144459115361,0.0664676935545074
11,1,2021,11,Ammekøer >600 kg,"Dybstrøelse, fast gulv, skraberanlæg",Gylle,28.97,20.08,3.33,13.32,0.137077032328767,0.217767767671233,687.785,687.785,19925.13145,13810.7228,2290.32405,0.145779435406714,0.241192207316194,2.17088275633276,0.343481229459925,14.2910537729244,0.145022799746634,0.239940352934404,2.15961527335266,0.341698466712543,14.9444185464108,0.488144459115361,0.0664676935545074
11,1,2021,29,Ammekøer <400 kg,"Dybstrøelse, fast gulv, skraberanlæg",Gylle,17.46,12.04,2.03,13.32,0.0835634761643836,0.132753323835616,24.666,24.666,430.66836,296.97864,50.07198,0.145779435406714,0.241192207316194,2.17088275633276,0.343481229459925,14.2910537729244,0.145022799746634,0.239940352934404,2.15961527335266,0.341698466712543,14.9444185464108,0.488144459115361,0.0664676935545074
11,1,2021,30,Ammekøer 400-600 kg,"Dybstrøelse, fast gulv, skraberanlæg",Gylle,25.45,17.61,2.94,13.32,0.121022965479452,0.192263434520548,470.704,470.704,11979.4168,8289.09744,1383.86976,0.145779435406714,0.241192207316194,2.17088275633276,0.343481229459925,14.2910537729244,0.145022799746634,0.239940352934404,2.15961527335266,0.341698466712543,14.9444185464108,0.488144459115361,0.0664676935545074
11,6,2021,1,"Malkekøer, st. race","Dybstrøelse, fast gulv, skraberanlæg","Dybstrøelse, gødningsmåtte",96.62,96.62,16.84,10.52,4.16413490219178,0.0698919978082192,2880.769,2880.769,278339.90078,278339.90078,48512.14996,,,,,,,,,,,,
11,6,2021,2,"Malkekøer, jersey","Dybstrøelse, fast gulv, skraberanlæg","Dybstrøelse, gødningsmåtte",80,80,13.6,10.52,3.34154915616438,0.0564448438356164,1933.489,1933.489,154679.12,154679.12,26295.4504,,,,,,,,,,,,
11,6,2021,5,"Tyre, 6 mdr.-440 kg, st. race","Dybstrøelse, fast gulv, skraberanlæg","Dybstrøelse, gødningsmåtte",14.1,14.1,1.63,13,1.088015125,0,1583.322,1583.322,22324.8402,22324.8402,2580.81486,,,,,,,,,,,,
11,6,2021,6,"Tyre, 6 mdr.-328 kg, jersey","Dybstrøelse, fast gulv, skraberanlæg","Dybstrøelse, gødningsmåtte",11.04,11.04,1.3,13,0.816664125,0,15.503,15.503,171.15312,171.15312,20.1539,,,,,,,,,,,,
11,6,2021,9,"Opdræt, 6 mdr.-kælv., jersey","Dybstrøelse, fast gulv, skraberanlæg","Dybstrøelse, gødningsmåtte",22.72,22.72,2.55,15,1.02007498630137,0.11066301369863,639.532,639.532,14530.16704,14530.16704,1630.8066,,,,,,,,,,,,
11,6,2021,10,"Opdræt, 6 mdr.-kælv., st. race","Dybstrøelse, fast gulv, skraberanlæg","Dybstrøelse, gødningsmåtte",30.24,30.24,3.41,15,1.29213784246575,0.147984657534247,5178.585,5178.585,156600.4104,156600.4104,17658.97485,,,,,,,,,,,,
11,6,2021,11,Ammekøer >600 kg,"Dybstrøelse, fast gulv, skraberanlæg","Dybstrøelse, gødningsmåtte",43.45,43.45,5,13.32,0.892561869863014,0.326978630136986,687.785,687.785,29884.25825,29884.25825,3438.925,,,,,,,,,,,,
11,6,2021,29,Ammekøer <400 kg,"Dybstrøelse, fast gulv, skraberanlæg","Dybstrøelse, gødningsmåtte",26.18,26.18,3.05,13.32,0.640606410616438,0.199456964383562,24.666,24.666,645.75588,645.75588,75.2313,,,,,,,,,,,,
11,6,2021,30,Ammekøer 400-600 kg,"Dybstrøelse, fast gulv, skraberanlæg","Dybstrøelse, gødningsmåtte",38.17,38.17,4.41,13.32,0.868274948219178,0.288395151780822,470.704,470.704,17966.77168,17966.77168,2075.80464,,,,,,,,,,,,
12,6,2021,5,"Tyre, 6 mdr.-440 kg, st. race","Dybstrøelse, kort ædeplads, fast gulv","Dybstrøelse, gødningsmåtte",23.5,23.5,2.72,13,1.231004,0,5145.798,5145.798,120926.253,120926.253,13996.57056,,,,,,,,,,,,
12,6,2021,6,"Tyre, 6 mdr.-328 kg, jersey","Dybstrøelse, kort ædeplads, fast gulv","Dybstrøelse, gødningsmåtte",18.39,18.39,2.16,13,0.935733,0,93.018,93.018,1710.60102,1710.60102,200.91888,,,,,,,,,,,,
12,6,2021,9,"Opdræt, 6 mdr.-kælv., jersey","Dybstrøelse, kort ædeplads, fast gulv","Dybstrøelse, gødningsmåtte",37.86,37.86,4.26,15,1.15106567123288,0.184872328767123,1172.476,1172.476,44389.94136,44389.94136,4994.74776,,,,,,,,,,,,
12,6,2021,10,"Opdræt, 6 mdr.-kælv., st. race","Dybstrøelse, kort ædeplads, fast gulv","Dybstrøelse, gødningsmåtte",50.4,50.4,5.68,15,1.46602606164384,0.246496438356164,3983.527,3983.527,200769.7608,200769.7608,22626.43336,,,,,,,,,,,,
12,6,2021,11,Ammekøer >600 kg,"Dybstrøelse, kort ædeplads, fast gulv","Dybstrøelse, gødningsmåtte",72.41,72.41,8.33,13.32,1.14409565219178,0.544746397808219,1421.422,1421.422,102925.16702,102925.16702,11840.44526,,,,,,,,,,,,
12,6,2021,29,Ammekøer <400 kg,"Dybstrøelse, kort ædeplads, fast gulv","Dybstrøelse, gødningsmåtte",43.64,43.64,5.08,13.32,0.810012449280822,0.332210288219178,28.189,28.189,1230.16796,1230.16796,143.20012,,,,,,,,,,,,
12,6,2021,30,Ammekøer 400-600 kg,"Dybstrøelse, kort ædeplads, fast gulv","Dybstrøelse, gødningsmåtte",63.62,63.62,7.35,13.32,1.10375466369863,0.48065858630137,588.38,588.38,37432.7356,37432.7356,4324.593,,,,,,,,,,,,
12,9,2021,3,"Tyre, 0-6 mdr., st. race","Dybstrøelse, kort ædeplads, fast gulv","Dybstrøelse, gødningsmåtte < 1 mdr",12.56,12.56,1.37,11.8,0.573761125,0,9210.091,9210.091,115678.74296,115678.74296,12617.82467,,,,,,,,,,,,
12,9,2021,4,"Tyre, 0-6 mdr., jersey","Dybstrøelse, kort ædeplads, fast gulv","Dybstrøelse, gødningsmåtte < 1 mdr",9.11,9.11,0.97,11.8,0.4471145,0,58.286,58.286,530.98546,530.98546,56.53742,,,,,,,,,,,,
12,9,2021,7,"Opdræt, 0-6 mdr., st. race","Dybstrøelse, kort ædeplads, fast gulv","Dybstrøelse, gødningsmåtte < 1 mdr",26.73,26.73,2.46,11.8,0.676657125,0,4845.183,4845.183,129511.74159,129511.74159,11919.15018,,,,,,,,,,,,
12,9,2021,8,"Opdræt, 0-6 mdr., jersey","Dybstrøelse, kort ædeplads, fast gulv","Dybstrøelse, gødningsmåtte < 1 mdr",20.05,20.05,1.84,11.8,0.5292425,0,498.798,498.798,10000.8999,10000.8999,917.78832,,,,,,,,,,,,
13,1,2021,1,"Malkekøer, st. race","Dybstrøelse, spalter, bagskyl/ringkanalanlæg",Gylle,64.41,27.26,11.23,10.52,0.898508300273973,0.0466084997260274,5761.539,5761.539,371100.72699,157059.55314,64702.08297,1.7092391819686,1.77689869813976,1.53942573953447,0.304179972132263,12.5721861275543,1.70036775704454,1.76767610158071,1.53143569342593,0.302601193799399,13.2344723003575,0.329479642243311,0.0718279914218064
13,1,2021,2,"Malkekøer, jersey","Dybstrøelse, spalter, bagskyl/ringkanalanlæg",Gylle,53.34,22.57,9.06,10.52,0.724887373150685,0.0376022268493151,4623.562,4623.562,246620.79708,104353.79434,41889.47172,1.7092391819686,1.77689869813976,1.53942573953447,0.304179972132263,12.5721861275543,1.70036775704454,1.76767610158071,1.53143569342593,0.302601193799399,13.2344723003575,0.329479642243311,0.0718279914218064
13,1,2021,5,"Tyre, 6 mdr.-440 kg, st. race","Dybstrøelse, spalter, bagskyl/ringkanalanlæg",Gylle,9.4,6.23,1.09,13,0.11336,0,2572.899,2572.899,24185.2506,16029.16077,2804.45991,1.7092391819686,1.77689869813976,1.53942573953447,0.304179972132263,12.5721861275543,1.70036775704454,1.76767610158071,1.53143569342593,0.302601193799399,13.2344723003575,0.329479642243311,0.0718279914218064
13,1,2021,6,"Tyre, 6 mdr.-328 kg, jersey","Dybstrøelse, spalter, bagskyl/ringkanalanlæg",Gylle,7.36,4.84,0.86,13,0.08944,0,15.503,15.503,114.10208,75.03452,13.33258,1.7092391819686,1.77689869813976,1.53942573953447,0.304179972132263,12.5721861275543,1.70036775704454,1.76767610158071,1.53143569342593,0.302601193799399,13.2344723003575,0.329479642243311,0.0718279914218064
13,1,2021,9,"Opdræt, 6 mdr.-kælv., jersey","Dybstrøelse, spalter, bagskyl/ringkanalanlæg",Gylle,15.15,10.18,1.7,15,0.130224657534247,0.0737753424657534,1172.476,1172.476,17763.0114,11935.80568,1993.2092,1.7092391819686,1.77689869813976,1.53942573953447,0.304179972132263,12.5721861275543,1.70036775704454,1.76767610158071,1.53143569342593,0.302601193799399,13.2344723003575,0.329479642243311,0.0718279914218064
13,1,2021,10,"Opdræt, 6 mdr.-kælv., st. race","Dybstrøelse, spalter, bagskyl/ringkanalanlæg",Gylle,20.16,13.54,2.27,15,0.173888219178082,0.0985117808219178,6771.995,6771.995,136523.4192,91692.8123,15372.42865,1.7092391819686,1.77689869813976,1.53942573953447,0.304179972132263,12.5721861275543,1.70036775704454,1.76767610158071,1.53143569342593,0.302601193799399,13.2344723003575,0.329479642243311,0.0718279914218064
13,1,2021,11,Ammekøer >600 kg,"Dybstrøelse, spalter, bagskyl/ringkanalanlæg",Gylle,28.97,20.08,3.33,13.32,0.137077032328767,0.217767767671233,733.637,733.637,21253.46389,14731.43096,2443.01121,1.7092391819686,1.77689869813976,1.53942573953447,0.304179972132263,12.5721861275543,1.70036775704454,1.76767610158071,1.53143569342593,0.302601193799399,13.2344723003575,0.329479642243311,0.0718279914218064
13,1,2021,29,Ammekøer <400 kg,"Dybstrøelse, spalter, bagskyl/ringkanalanlæg",Gylle,17.46,12.04,2.03,13.32,0.0835634761643836,0.132753323835616,0,0,0,0,0,1.7092391819686,1.77689869813976,1.53942573953447,0.304179972132263,12.5721861275543,1.70036775704454,1.76767610158071,1.53143569342593,0.302601193799399,13.2344723003575,0.329479642243311,0.0718279914218064
13,1,2021,30,Ammekøer 400-600 kg,"Dybstrøelse, spalter, bagskyl/ringkanalanlæg",Gylle,25.45,17.61,2.94,13.32,0.121022965479452,0.192263434520548,764.893,764.893,19466.52685,13469.76573,2248.78542,1.7092391819686,1.77689869813976,1.53942573953447,0.304179972132263,12.5721861275543,1.70036775704454,1.76767610158071,1.53143569342593,0.302601193799399,13.2344723003575,0.329479642243311,0.0718279914218064
13,6,2021,1,"Malkekøer, st. race","Dybstrøelse, spalter, bagskyl/ringkanalanlæg","Dybstrøelse, gødningsmåtte",96.62,96.62,16.84,10.52,4.16413490219178,0.0698919978082192,5761.539,5761.539,556679.89818,556679.89818,97024.31676,,,,,,,,,,,,
13,6,2021,2,"Malkekøer, jersey","Dybstrøelse, spalter, bagskyl/ringkanalanlæg","Dybstrøelse, gødningsmåtte",80,80,13.6,10.52,3.34154915616438,0.0564448438356164,4623.562,4623.562,369884.96,369884.96,62880.4432,,,,,,,,,,,,
13,6,2021,5,"Tyre, 6 mdr.-440 kg, st. race","Dybstrøelse, spalter, bagskyl/ringkanalanlæg","Dybstrøelse, gødningsmåtte",14.1,14.1,1.63,13,1.088015125,0,2572.899,2572.899,36277.8759,36277.8759,4193.82537,,,,,,,,,,,,
13,6,2021,6,"Tyre, 6 mdr.-328 kg, jersey","Dybstrøelse, spalter, bagskyl/ringkanalanlæg","Dybstrøelse, gødningsmåtte",11.04,11.04,1.3,13,0.816664125,0,15.503,15.503,171.15312,171.15312,20.1539,,,,,,,,,,,,
13,6,2021,9,"Opdræt, 6 mdr.-kælv., jersey","Dybstrøelse, spalter, bagskyl/ringkanalanlæg","Dybstrøelse, gødningsmåtte",22.72,22.72,2.55,15,1.02007498630137,0.11066301369863,1172.476,1172.476,26638.65472,26638.65472,2989.8138,,,,,,,,,,,,
13,6,2021,10,"Opdræt, 6 mdr.-kælv., st. race","Dybstrøelse, spalter, bagskyl/ringkanalanlæg","Dybstrøelse, gødningsmåtte",30.24,30.24,3.41,15,1.29213784246575,0.147984657534247,6771.995,6771.995,204785.1288,204785.1288,23092.50295,,,,,,,,,,,,
13,6,2021,11,Ammekøer >600 kg,"Dybstrøelse, spalter, bagskyl/ringkanalanlæg","Dybstrøelse, gødningsmåtte",43.45,43.45,5,13.32,0.892561869863014,0.326978630136986,733.637,733.637,31876.52765,31876.52765,3668.185,,,,,,,,,,,,
13,6,2021,29,Ammekøer <400 kg,"Dybstrøelse, spalter, bagskyl/ringkanalanlæg","Dybstrøelse, gødningsmåtte",26.18,26.18,3.05,13.32,0.640606410616438,0.199456964383562,0,0,0,0,0,,,,,,,,,,,,
13,6,2021,30,Ammekøer 400-600 kg,"Dybstrøelse, spalter, bagskyl/ringkanalanlæg","Dybstrøelse, gødningsmåtte",38.17,38.17,4.41,13.32,0.868274948219178,0.288395151780822,764.893,764.893,29195.96581,29195.96581,3373.17813,,,,,,,,,,,,
14,1,2021,1,"Malkekøer, st. race","Dybstrøelse, spalter, skraberanlæg",Gylle,64.41,27.26,11.23,10.52,0.898508300273973,0.0466084997260274,3841.026,3841.026,247400.48466,104706.36876,43134.72198,0.145779435406714,0.241192207316194,2.17088275633276,0.343481229459925,14.2910537729244,0.145022799746634,0.239940352934404,2.15961527335266,0.341698466712543,14.9444185464108,0.488144459115361,0.0664676935545074
14,1,2021,2,"Malkekøer, jersey","Dybstrøelse, spalter, skraberanlæg",Gylle,53.34,22.57,9.06,10.52,0.724887373150685,0.0376022268493151,2858.202,2858.202,152456.49468,64509.61914,25895.31012,0.145779435406714,0.241192207316194,2.17088275633276,0.343481229459925,14.2910537729244,0.145022799746634,0.239940352934404,2.15961527335266,0.341698466712543,14.9444185464108,0.488144459115361,0.0664676935545074
14,1,2021,5,"Tyre, 6 mdr.-440 kg, st. race","Dybstrøelse, spalter, skraberanlæg",Gylle,9.4,6.23,1.09,13,0.11336,0,2770.814,2770.814,26045.6516,17262.17122,3020.18726,0.145779435406714,0.241192207316194,2.17088275633276,0.343481229459925,14.2910537729244,0.145022799746634,0.239940352934404,2.15961527335266,0.341698466712543,14.9444185464108,0.488144459115361,0.0664676935545074
14,1,2021,6,"Tyre, 6 mdr.-328 kg, jersey","Dybstrøelse, spalter, skraberanlæg",Gylle,7.36,4.84,0.86,13,0.08944,0,36.174,36.174,266.24064,175.08216,31.10964,0.145779435406714,0.241192207316194,2.17088275633276,0.343481229459925,14.2910537729244,0.145022799746634,0.239940352934404,2.15961527335266,0.341698466712543,14.9444185464108,0.488144459115361,0.0664676935545074
14,1,2021,9,"Opdræt, 6 mdr.-kælv., jersey","Dybstrøelse, spalter, skraberanlæg",Gylle,15.15,10.18,1.7,15,0.130224657534247,0.0737753424657534,1492.242,1492.242,22607.4663,15191.02356,2536.8114,0.145779435406714,0.241192207316194,2.17088275633276,0.343481229459925,14.2910537729244,0.145022799746634,0.239940352934404,2.15961527335266,0.341698466712543,14.9444185464108,0.488144459115361,0.0664676935545074
14,1,2021,10,"Opdræt, 6 mdr.-kælv., st. race","Dybstrøelse, spalter, skraberanlæg",Gylle,20.16,13.54,2.27,15,0.173888219178082,0.0985117808219178,8365.406,8365.406,168646.58496,113267.59724,18989.47162,0.145779435406714,0.241192207316194,2.17088275633276,0.343481229459925,14.2910537729244,0.145022799746634,0.239940352934404,2.15961527335266,0.341698466712543,14.9444185464108,0.488144459115361,0.0664676935545074
14,1,2021,11,Ammekøer >600 kg,"Dybstrøelse, spalter, skraberanlæg",Gylle,28.97,20.08,3.33,13.32,0.137077032328767,0.217767767671233,1054.604,1054.604,30551.87788,21176.44832,3511.83132,0.145779435406714,0.241192207316194,2.17088275633276,0.343481229459925,14.2910537729244,0.145022799746634,0.239940352934404,2.15961527335266,0.341698466712543,14.9444185464108,0.488144459115361,0.0664676935545074
14,1,2021,29,Ammekøer <400 kg,"Dybstrøelse, spalter, skraberanlæg",Gylle,17.46,12.04,2.03,13.32,0.0835634761643836,0.132753323835616,38.761,38.761,676.76706,466.68244,78.68483,0.145779435406714,0.241192207316194,2.17088275633276,0.343481229459925,14.2910537729244,0.145022799746634,0.239940352934404,2.15961527335266,0.341698466712543,14.9444185464108,0.488144459115361,0.0664676935545074
14,1,2021,30,Ammekøer 400-600 kg,"Dybstrøelse, spalter, skraberanlæg",Gylle,25.45,17.61,2.94,13.32,0.121022965479452,0.192263434520548,529.542,529.542,13476.8439,9325.23462,1556.85348,0.145779435406714,0.241192207316194,2.17088275633276,0.343481229459925,14.2910537729244,0.145022799746634,0.239940352934404,2.15961527335266,0.341698466712543,14.9444185464108,0.488144459115361,0.0664676935545074
14,6,2021,1,"Malkekøer, st. race","Dybstrøelse, spalter, skraberanlæg","Dybstrøelse, gødningsmåtte",96.62,96.62,16.84,10.52,4.16413490219178,0.0698919978082192,3841.026,3841.026,371119.93212,371119.93212,64682.87784,,,,,,,,,,,,
14,6,2021,2,"Malkekøer, jersey","Dybstrøelse, spalter, skraberanlæg","Dybstrøelse, gødningsmåtte",80,80,13.6,10.52,3.34154915616438,0.0564448438356164,2858.202,2858.202,228656.16,228656.16,38871.5472,,,,,,,,,,,,
14,6,2021,5,"Tyre, 6 mdr.-440 kg, st. race","Dybstrøelse, spalter, skraberanlæg","Dybstrøelse, gødningsmåtte",14.1,14.1,1.63,13,1.088015125,0,2770.814,2770.814,39068.4774,39068.4774,4516.42682,,,,,,,,,,,,
14,6,2021,6,"Tyre, 6 mdr.-328 kg, jersey","Dybstrøelse, spalter, skraberanlæg","Dybstrøelse, gødningsmåtte",11.04,11.04,1.3,13,0.816664125,0,36.174,36.174,399.36096,399.36096,47.0262,,,,,,,,,,,,
14,6,2021,9,"Opdræt, 6 mdr.-kælv., jersey","Dybstrøelse, spalter, skraberanlæg","Dybstrøelse, gødningsmåtte",22.72,22.72,2.55,15,1.02007498630137,0.11066301369863,1492.242,1492.242,33903.73824,33903.73824,3805.2171,,,,,,,,,,,,
14,6,2021,10,"Opdræt, 6 mdr.-kælv., st. race","Dybstrøelse, spalter, skraberanlæg","Dybstrøelse, gødningsmåtte",30.24,30.24,3.41,15,1.29213784246575,0.147984657534247,8365.406,8365.406,252969.87744,252969.87744,28526.03446,,,,,,,,,,,,
14,6,2021,11,Ammekøer >600 kg,"Dybstrøelse, spalter, skraberanlæg","Dybstrøelse, gødningsmåtte",43.45,43.45,5,13.32,0.892561869863014,0.326978630136986,1054.604,1054.604,45822.5438,45822.5438,5273.02,,,,,,,,,,,,
14,6,2021,29,Ammekøer <400 kg,"Dybstrøelse, spalter, skraberanlæg","Dybstrøelse, gødningsmåtte",26.18,26.18,3.05,13.32,0.640606410616438,0.199456964383562,38.761,38.761,1014.76298,1014.76298,118.22105,,,,,,,,,,,,
14,6,2021,30,Ammekøer 400-600 kg,"Dybstrøelse, spalter, skraberanlæg","Dybstrøelse, gødningsmåtte",38.17,38.17,4.41,13.32,0.868274948219178,0.288395151780822,529.542,529.542,20212.61814,20212.61814,2335.28022,,,,,,,,,,,,
15,15,2021,14,"Slagtesvin, 30-100,0 kg",Dybstrøelse,"Dybstrøelse, slagtesvin",2.7,2.7,0.5,7.84,0.0876548625,0,121375.667,121375.667,327714.3009,327714.3009,60687.8335,,,,,,,,,,,,
15,16,2021,12,Årssøer,Dybstrøelse,"Dybstrøelse, søer",16.48,16.48,2.82,7.66,0.9046428125,0,10829.605,1.42247510615593,23.4423897494498,23.4423897494498,4.01137979935973,,,,,,,,,,,,
18,4,2021,13,"Smågrise, 7,5-30 kg",Fast gulv,Fast gødning,0.18,0,0.02,25,0.0069628875,0,34078.552,34078.552,6134.13936,0,681.57104,,,,,,,,,,,,
18,4,2021,14,"Slagtesvin, 30-100,0 kg",Fast gulv,Fast gødning,0.99,0,0.13,25,0.03785155,0,80917.111,80917.111,80107.93989,0,10519.22443,,,,,,,,,,,,
18,11,2021,13,"Smågrise, 7,5-30 kg",Fast gulv,Ajle,0.22,0.22,0.07,2,0.00112,0,34078.552,34078.552,7497.28144,7497.28144,2385.49864,,,,,,,,,,,,
18,11,2021,14,"Slagtesvin, 30-100,0 kg",Fast gulv,Ajle,1.72,1.72,0.37,2,0.00592,0,80917.111,80917.111,139177.43092,139177.43092,29939.33107,,,,,,,,,,,,
19,10,2021,14,"Slagtesvin, 30-100,0 kg",Opdelt lejeareal,Gylle,1.35,0.86,0.25,7.84,0.01568,0,101146.389,101146.389,136547.62515,86985.89454,25286.59725,1.06949723242655,1.2843555358717,3.38458495876911,0.119416389995457,13.5236640817154,0.92350418157976,1.10903298489283,2.92256797639717,0.103115307049228,12.7495187078879,0.25533499254654,0.0464245440993708
19,10,2021,14,"Slagtesvin, 30-100,0 kg",Opdelt lejeareal,Gylle,1.35,0.86,0.25,7.84,0.01568,0,101146.389,101146.389,136547.62515,86985.89454,25286.59725,0.613676675394212,0.846052005873585,3.66052433496128,0.12586158667461,14.2535695396913,0.529905977015646,0.730560623785307,3.16083990459824,0.108680694133772,13.3797875128564,0.25533499254654,0.0464245440993708
19,15,2021,14,"Slagtesvin, 30-100,0 kg",Opdelt lejeareal,"Dybstrøelse, slagtesvin",1.35,1.35,0.25,7.84,0.045308875,0,101146.389,101146.389,136547.62515,136547.62515,25286.59725,,,,,,,,,,,,
20,10,2021,13,"Smågrise, 7,5-30 kg",Toklimastald m. delvis spaltegulv,Gylle,0.4,0.22,0.09,7.31,0.0052632,0,24366164.53,24366164.53,9746465.812,5360556.1966,2192954.8077,1.48066543541414,1.65655900190888,2.77078758398704,0.101427107295046,11.4864142844252,1.25599379489722,1.40519781006216,2.35035675800225,0.0860368685254819,11.6797188126341,0.126382310833226,0
20,10,2021,13,"Smågrise, 7,5-30 kg",Toklimastald m. delvis spaltegulv,Gylle,0.4,0.22,0.09,7.31,0.0052632,0,24366164.53,24366164.53,9746465.812,5360556.1966,2192954.8077,0.65122036458132,0.858989219509238,3.27290744650795,0.113155267716061,12.8146046763498,0.552406179993031,0.728648824901788,2.77628648968706,0.0959854337867725,12.8063736603801,0.126382310833226,0
21,14,2021,13,"Smågrise, 7,5-30 kg",Toklimastald m. dybstrøelse,Dybstrøelse,0.4,0.4,0.09,7.31,0.01711475,0,4293897.526,4293897.526,1717559.0104,1717559.0104,386450.77734,,,,,,,,,,,,
22,5,2021,12,Årssøer,Søer på friland,Ude,7.95,7.95,1.32,7.66,0.0808896,0,3094.173,1.42247510615593,11.3086770939397,11.3086770939397,1.87766714012583,,,,,,,,,,,,
46,10,2021,13,"Smågrise, 7,5-30 kg",Drænet gulv + spalter (50/50),Gylle,0.4,0.22,0.09,7.31,0.0052632,0,5384411.183,5384411.183,2153764.4732,1184570.46026,484597.00647,2.60240467407677,2.73519018792701,2.09172205920665,0.0855659753114969,9.69017324155471,2.22865937735144,2.34237485118479,1.79131863253265,0.0732773865493618,8.29851547611916,0.252764621666453,0
46,10,2021,13,"Smågrise, 7,5-30 kg",Drænet gulv + spalter (50/50),Gylle,0.4,0.22,0.09,7.31,0.0052632,0,5384411.183,5384411.183,2153764.4732,1184570.46026,484597.00647,0.894380743773589,1.09280502906715,3.12570582886742,0.109717036499209,12.4252319611492,0.765933926951886,0.935861436120162,2.67680644587634,0.09395998427336,10.640777739844,0.252764621666453,0
47,10,2021,14,"Slagtesvin, 30-100,0 kg",Drænet gulv + spalter (33/67),Gylle,2.7,1.72,0.5,7.84,0.03136,0,10033721.775,10033721.775,27091048.7925,17258001.453,5016860.8875,1.92105602176356,2.1031892141888,2.86907814913667,0.107375546737153,12.16006299235,1.65881987849788,1.81609075280165,2.47743106543177,0.0927181140863627,11.5720576824129,0.406214760869495,0.0348184080745281
47,10,2021,14,"Slagtesvin, 30-100,0 kg",Drænet gulv + spalter (33/67),Gylle,2.7,1.72,0.5,7.84,0.03136,0,10033721.775,10033721.775,27091048.7925,17258001.453,5016860.8875,0.781132176306706,1.00707224955325,3.55915206083091,0.123493804832093,13.9854230460801,0.674502756354991,0.869600598689945,3.07330557891958,0.106636129298694,13.1482446901003,0.406214760869495,0.0348184080745281
49,1,2021,1,"Malkekøer, st. race","Sengebåse, fast gulv, 2% hæld, skrab",Gylle,161.03,68.15,28.06,10.52,2.3577415060274,0.116458993972603,28327.566,28327.566,4561587.95298,1930523.6229,794871.50196,0.145779435406714,0.241192207316194,2.17088275633276,0.343481229459925,14.2910537729244,0.145022799746634,0.239940352934404,2.15961527335266,0.341698466712543,14.9444185464108,0.488144459115361,0.0664676935545074
49,1,2021,2,"Malkekøer, jersey","Sengebåse, fast gulv, 2% hæld, skrab",Gylle,133.34,56.43,22.66,10.52,1.89752170431507,0.0940470706849315,5212.015,5212.015,694970.0801,294114.00645,118104.2599,0.145779435406714,0.241192207316194,2.17088275633276,0.343481229459925,14.2910537729244,0.145022799746634,0.239940352934404,2.15961527335266,0.341698466712543,14.9444185464108,0.488144459115361,0.0664676935545074
49,1,2021,5,"Tyre, 6 mdr.-440 kg, st. race","Sengebåse, fast gulv, 2% hæld, skrab",Gylle,23.5,15.56,2.72,13,0.371766625,0,3562.476,3562.476,83718.186,55432.12656,9689.93472,0.145779435406714,0.241192207316194,2.17088275633276,0.343481229459925,14.2910537729244,0.145022799746634,0.239940352934404,2.15961527335266,0.341698466712543,14.9444185464108,0.488144459115361,0.0664676935545074
49,1,2021,6,"Tyre, 6 mdr.-328 kg, jersey","Sengebåse, fast gulv, 2% hæld, skrab",Gylle,18.39,12.1,2.16,13,0.28389775,0,20.671,20.671,380.13969,250.1191,44.64936,0.145779435406714,0.241192207316194,2.17088275633276,0.343481229459925,14.2910537729244,0.145022799746634,0.239940352934404,2.15961527335266,0.341698466712543,14.9444185464108,0.488144459115361,0.0664676935545074
49,1,2021,9,"Opdræt, 6 mdr.-kælv., jersey","Sengebåse, fast gulv, 2% hæld, skrab",Gylle,37.86,25.45,4.26,15,0.367564571232877,0.184872328767123,2771.306,2771.306,104921.64516,70529.7377,11805.76356,0.145779435406714,0.241192207316194,2.17088275633276,0.343481229459925,14.2910537729244,0.145022799746634,0.239940352934404,2.15961527335266,0.341698466712543,14.9444185464108,0.488144459115361,0.0664676935545074
49,1,2021,10,"Opdræt, 6 mdr.-kælv., st. race","Sengebåse, fast gulv, 2% hæld, skrab",Gylle,50.4,33.85,5.68,15,0.496958911643836,0.246496438356164,11950.58,11950.58,602309.232,404527.133,67879.2944,0.145779435406714,0.241192207316194,2.17088275633276,0.343481229459925,14.2910537729244,0.145022799746634,0.239940352934404,2.15961527335266,0.341698466712543,14.9444185464108,0.488144459115361,0.0664676935545074
49,1,2021,30,Ammekøer 400-600 kg,"Sengebåse, fast gulv, 2% hæld, skrab",Gylle,63.62,44.04,7.35,13.32,0.33689443869863,0.48065858630137,205.933,205.933,13101.45746,9069.28932,1513.60755,0.145779435406714,0.241192207316194,2.17088275633276,0.343481229459925,14.2910537729244,0.145022799746634,0.239940352934404,2.15961527335266,0.341698466712543,14.9444185464108,0.488144459115361,0.0664676935545074
60,10,2021,12,Årssøer,"Løbe afd., individuel, delvis spalte",Gylle,16.48,12.09,2.82,7.66,0.1728096,0,414412.868,1.42247510615593,23.4423897494498,17.1977240334252,4.01137979935973,1.89284331268802,2.06478443105253,2.70852610152438,0.101847350370952,11.5340059608395,1.8571273428997,2.02582411253881,2.6574190522697,0.0999255975959145,15.1687651108743,0.406485921240563,0.0534849896369162
60,10,2021,12,Årssøer,"Løbe afd., individuel, delvis spalte",Gylle,16.48,12.09,2.82,7.66,0.1728096,0,414412.868,1.42247510615593,23.4423897494498,17.1977240334252,4.01137979935973,0.762065961994013,0.9774624645359,3.39306301401955,0.117836279156887,13.3447197325058,0.747686575864774,0.95901877211901,3.32903947055651,0.115612832050555,16.9453126111273,0.406485921240563,0.0534849896369162
60,10,2021,12,Årssøer,"Løbe afd., individuel, delvis spalte",Gylle,16.48,12.09,2.82,7.66,0.1728096,0,414412.868,1.42247510615593,23.4423897494498,17.1977240334252,4.01137979935973,0.184657364606472,0.422243480701725,3.7426079516337,0.126000702452374,14.2693241195025,0.181173073639931,0.414276188692412,3.67198886148816,0.123623201234006,17.8524706822399,0.406485921240563,0.0534849896369162
62,4,2021,12,Årssøer,"Løbe afd., individuel, fast",Fast gødning,4.39,0,0.57,30,0.1368,0,1443.947,1.42247510615593,6.24466571602455,0,0.810810810508882,,,,,,,,,,,,
62,11,2021,12,Årssøer,"Løbe afd., individuel, fast",Ajle,12.09,12.09,2.25,2,0.0982206375,0,1443.947,1.42247510615593,17.1977240334252,17.1977240334252,3.20056898885085,,,,,,,,,,,,
63,10,2021,12,Årssøer,"Løbe afd., løs, delvis spalte",Gylle,16.48,12.09,2.82,7.66,0.214290025,0,251968.799,1.42247510615593,23.4423897494498,17.1977240334252,4.01137979935973,1.89284331268802,2.06478443105253,2.70852610152438,0.101847350370952,11.5340059608395,1.8571273428997,2.02582411253881,2.6574190522697,0.0999255975959145,15.1687651108743,0.406485921240563,0.0534849896369162
63,10,2021,12,Årssøer,"Løbe afd., løs, delvis spalte",Gylle,16.48,12.09,2.82,7.66,0.214290025,0,251968.799,1.42247510615593,23.4423897494498,17.1977240334252,4.01137979935973,0.762065961994013,0.9774624645359,3.39306301401955,0.117836279156887,13.3447197325058,0.747686575864774,0.95901877211901,3.32903947055651,0.115612832050555,16.9453126111273,0.406485921240563,0.0534849896369162
63,10,2021,12,Årssøer,"Løbe afd., løs, delvis spalte",Gylle,16.48,12.09,2.82,7.66,0.214290025,0,251968.799,1.42247510615593,23.4423897494498,17.1977240334252,4.01137979935973,0.184657364606472,0.422243480701725,3.7426079516337,0.126000702452374,14.2693241195025,0.181173073639931,0.414276188692412,3.67198886148816,0.123623201234006,17.8524706822399,0.406485921240563,0.0534849896369162
64,10,2021,12,Årssøer,"Fare afd., kassesti, delvis spalte",Gylle,7.06,5.18,1.21,7.66,0.0741488,0,257924.05,868431.1455466,6131123.88755899,4498473.33393138,1050801.68611139,2.41414046734643,2.56604831557836,2.39294926005035,0.0944763298274048,10.699252827085,1.95272747170221,2.07560127810325,1.93558652518095,0.0764191343357726,8.65431204386425,0.255125784742963,0.0425209641238271
64,10,2021,12,Årssøer,"Fare afd., kassesti, delvis spalte",Gylle,7.06,5.18,1.21,7.66,0.0741488,0,257924.05,868431.1455466,6131123.88755899,4498473.33393138,1050801.68611139,0.851650648451152,1.06360444234309,3.33883127278722,0.116569572522557,13.201267774082,0.688875249811599,0.860318461862646,2.70068276388096,0.0942897108549714,10.6781186067777,0.255125784742963,0.0425209641238271
65,10,2021,12,Årssøer,"Fare afd., kassesti, fuldspalte",Gylle,7.06,5.18,1.21,7.66,0.0741488,0,48399.05,162959.764453401,1150495.93704101,844131.579868616,197181.314988615,2.69981563870828,2.84074508848373,2.22001052930858,0.0904369493357361,10.2418011751832,2.18380174540206,2.29779544704068,1.79570145427952,0.0731517978400593,8.28429280938867,0.514117111679001,0.0347898797376767
72,10,2021,14,"Slagtesvin, 30-100,0 kg",Delvist spaltegulv (50-75 % fast gulv),Gylle,2.7,1.72,0.5,7.84,0.0343228875,0,2124074.166,2124074.166,5735000.2482,3653407.56552,1062037.083,1.06949723242655,1.2843555358717,3.38458495876911,0.119416389995457,13.5236640817154,0.92350418157976,1.10903298489283,2.92256797639717,0.103115307049228,12.7495187078879,0.25533499254654,0.0464245440993708
72,10,2021,14,"Slagtesvin, 30-100,0 kg",Delvist spaltegulv (50-75 % fast gulv),Gylle,2.7,1.72,0.5,7.84,0.0343228875,0,2124074.166,2124074.166,5735000.2482,3653407.56552,1062037.083,0.613676675394212,0.846052005873585,3.66052433496128,0.12586158667461,14.2535695396913,0.529905977015646,0.730560623785307,3.16083990459824,0.108680694133772,13.3797875128564,0.25533499254654,0.0464245440993708
73,10,2021,14,"Slagtesvin, 30-100,0 kg",Delvist spaltegulv (25-49 % fast gulv),Gylle,2.7,1.72,0.5,7.84,0.0343228875,0,7768042.664,7768042.664,20973715.1928,13361033.38208,3884021.332,1.51285562975966,1.7106758226762,3.11618978066181,0.113147405356478,12.8137142800659,1.30634138906524,1.47715789033364,2.69081041613162,0.0977020779609958,12.1364814875413,0.324971808695596,0.0348184080745281
73,10,2021,14,"Slagtesvin, 30-100,0 kg",Delvist spaltegulv (25-49 % fast gulv),Gylle,2.7,1.72,0.5,7.84,0.0343228875,0,7768042.664,7768042.664,20973715.1928,13361033.38208,3884021.332,0.697992270124188,0.927127381334146,3.60948233552945,0.124669383772019,14.1185549778501,0.60271196654481,0.800568704209321,3.11676545682754,0.107651234372258,13.2632032818233,0.324971808695596,0.0348184080745281
78,5,2021,40,"Årssøer, øko","Søer,øko, faremark",Ude,14.27,14.27,2.44,7.66,0,0.1495232,5209.045,5209.045,74333.07215,74333.07215,12710.0698,,,,,,,,,,,,
78,10,,,,,,,,,,,,,,,,,1.89284331268802,2.06478443105253,2.70852610152438,0.101847350370952,11.5340059608395,1.8571273428997,2.02582411253881,2.6574190522697,0.0999255975959145,15.1687651108743,0.406485921240563,0.0534849896369162
78,10,,,,,,,,,,,,,,,,,0.762065961994013,0.9774624645359,3.39306301401955,0.117836279156887,13.3447197325058,0.747686575864774,0.95901877211901,3.32903947055651,0.115612832050555,16.9453126111273,0.406485921240563,0.0534849896369162
78,10,,,,,,,,,,,,,,,,,0.184657364606472,0.422243480701725,3.7426079516337,0.126000702452374,14.2693241195025,0.181173073639931,0.414276188692412,3.67198886148816,0.123623201234006,17.8524706822399,0.406485921240563,0.0534849896369162
79,10,2021,40,"Årssøer, øko",Dybstrø hele arealet inde. Løbegård med fast/drænet gulv + spaltegulv (50%/50%),Gylle,9.56,6.86,1.63,7.66,0.0998864,0,1948.183,1948.183,18624.62948,13364.53538,3175.53829,1.89284331268802,2.06478443105253,2.70852610152438,0.101847350370952,11.5340059608395,1.8571273428997,2.02582411253881,2.6574190522697,0.0999255975959145,15.1687651108743,0.406485921240563,0.0534849896369162
79,10,2021,40,"Årssøer, øko",Dybstrø hele arealet inde. Løbegård med fast/drænet gulv + spaltegulv (50%/50%),Gylle,9.56,6.86,1.63,7.66,0.0998864,0,1948.183,1948.183,18624.62948,13364.53538,3175.53829,0.762065961994013,0.9774624645359,3.39306301401955,0.117836279156887,13.3447197325058,0.747686575864774,0.95901877211901,3.32903947055651,0.115612832050555,16.9453126111273,0.406485921240563,0.0534849896369162
79,10,2021,40,"Årssøer, øko",Dybstrø hele arealet inde. Løbegård med fast/drænet gulv + spaltegulv (50%/50%),Gylle,9.56,6.86,1.63,7.66,0.0998864,0,1948.183,1948.183,18624.62948,13364.53538,3175.53829,0.184657364606472,0.422243480701725,3.7426079516337,0.126000702452374,14.2693241195025,0.181173073639931,0.414276188692412,3.67198886148816,0.123623201234006,17.8524706822399,0.406485921240563,0.0534849896369162
79,10,2021,41,"Smågrise, øko",Dybstrø hele arealet inde. Løbegård med fast/drænet gulv + spaltegulv (50%/50%),Gylle,0.34,0.24,0.05,7.31,0.002924,0,85282.004,85282.004,28995.88136,20467.68096,4264.1002,1.89284331268802,2.06478443105253,2.70852610152438,0.101847350370952,11.5340059608395,1.8571273428997,2.02582411253881,2.6574190522697,0.0999255975959145,15.1687651108743,0.406485921240563,0.0534849896369162
79,10,2021,41,"Smågrise, øko",Dybstrø hele arealet inde. Løbegård med fast/drænet gulv + spaltegulv (50%/50%),Gylle,0.34,0.24,0.05,7.31,0.002924,0,85282.004,85282.004,28995.88136,20467.68096,4264.1002,0.762065961994013,0.9774624645359,3.39306301401955,0.117836279156887,13.3447197325058,0.747686575864774,0.95901877211901,3.32903947055651,0.115612832050555,16.9453126111273,0.406485921240563,0.0534849896369162
79,10,2021,41,"Smågrise, øko",Dybstrø hele arealet inde. Løbegård med fast/drænet gulv + spaltegulv (50%/50%),Gylle,0.34,0.24,0.05,7.31,0.002924,0,85282.004,85282.004,28995.88136,20467.68096,4264.1002,0.184657364606472,0.422243480701725,3.7426079516337,0.126000702452374,14.2693241195025,0.181173073639931,0.414276188692412,3.67198886148816,0.123623201234006,17.8524706822399,0.406485921240563,0.0534849896369162
79,10,2021,42,"Slagtesvin, Øko",Dybstrø hele arealet inde. Løbegård med fast/drænet gulv + spaltegulv (50%/50%),Gylle,2.65,1.84,0.34,7.84,0.0213248,0,128473.3,128473.3,340454.245,236390.872,43680.922,1.89284331268802,2.06478443105253,2.70852610152438,0.101847350370952,11.5340059608395,1.8571273428997,2.02582411253881,2.6574190522697,0.0999255975959145,15.1687651108743,0.406485921240563,0.0534849896369162
79,10,2021,42,"Slagtesvin, Øko",Dybstrø hele arealet inde. Løbegård med fast/drænet gulv + spaltegulv (50%/50%),Gylle,2.65,1.84,0.34,7.84,0.0213248,0,128473.3,128473.3,340454.245,236390.872,43680.922,0.762065961994013,0.9774624645359,3.39306301401955,0.117836279156887,13.3447197325058,0.747686575864774,0.95901877211901,3.32903947055651,0.115612832050555,16.9453126111273,0.406485921240563,0.0534849896369162
79,10,2021,42,"Slagtesvin, Øko",Dybstrø hele arealet inde. Løbegård med fast/drænet gulv + spaltegulv (50%/50%),Gylle,2.65,1.84,0.34,7.84,0.0213248,0,128473.3,128473.3,340454.245,236390.872,43680.922,0.184657364606472,0.422243480701725,3.7426079516337,0.126000702452374,14.2693241195025,0.181173073639931,0.414276188692412,3.67198886148816,0.123623201234006,17.8524706822399,0.406485921240563,0.0534849896369162
79,14,2021,41,"Smågrise, øko",Dybstrø hele arealet inde. Løbegård med fast/drænet gulv + spaltegulv (50%/50%),"Dybstrøelse, smågrise",0.17,0.17,0.02,7.31,0.0011696,0,85282.004,85282.004,14497.94068,14497.94068,1705.64008,,,,,,,,,,,,
79,15,2021,42,"Slagtesvin, Øko",Dybstrø hele arealet inde. Løbegård med fast/drænet gulv + spaltegulv (50%/50%),"Dybstrøelse, slagtesvin",1.31,1.31,0.17,7.84,0.0106624,0,128473.3,128473.3,168300.023,168300.023,21840.461,,,,,,,,,,,,
79,16,2021,40,"Årssøer, øko",Dybstrø hele arealet inde. Løbegård med fast/drænet gulv + spaltegulv (50%/50%),"Dybstrøelse, søer",4.71,4.71,0.8,7.66,0.049024,0,1948.183,1948.183,9175.94193,9175.94193,1558.5464,,,,,,,,,,,,
80,10,2021,40,"Årssøer, øko",Delvis spaltegulv inde. Løbegård med fast/drænet gulv + spaltegulv (50%/50%),Gylle,14.27,10.23,2.44,7.66,0.1495232,0,88.554,88.554,1263.66558,905.90742,216.07176,1.89284331268802,2.06478443105253,2.70852610152438,0.101847350370952,11.5340059608395,1.8571273428997,2.02582411253881,2.6574190522697,0.0999255975959145,15.1687651108743,0.406485921240563,0.0534849896369162
80,10,2021,40,"Årssøer, øko",Delvis spaltegulv inde. Løbegård med fast/drænet gulv + spaltegulv (50%/50%),Gylle,14.27,10.23,2.44,7.66,0.1495232,0,88.554,88.554,1263.66558,905.90742,216.07176,0.762065961994013,0.9774624645359,3.39306301401955,0.117836279156887,13.3447197325058,0.747686575864774,0.95901877211901,3.32903947055651,0.115612832050555,16.9453126111273,0.406485921240563,0.0534849896369162
80,10,2021,40,"Årssøer, øko",Delvis spaltegulv inde. Løbegård med fast/drænet gulv + spaltegulv (50%/50%),Gylle,14.27,10.23,2.44,7.66,0.1495232,0,88.554,88.554,1263.66558,905.90742,216.07176,0.184657364606472,0.422243480701725,3.7426079516337,0.126000702452374,14.2693241195025,0.181173073639931,0.414276188692412,3.67198886148816,0.123623201234006,17.8524706822399,0.406485921240563,0.0534849896369162
80,10,2021,41,"Smågrise, øko",Delvis spaltegulv inde. Løbegård med fast/drænet gulv + spaltegulv (50%/50%),Gylle,0.51,0.35,0.07,7.31,0.0040936,0,9761.193,9761.193,4978.20843,3416.41755,683.28351,1.89284331268802,2.06478443105253,2.70852610152438,0.101847350370952,11.5340059608395,1.8571273428997,2.02582411253881,2.6574190522697,0.0999255975959145,15.1687651108743,0.406485921240563,0.0534849896369162
80,10,2021,41,"Smågrise, øko",Delvis spaltegulv inde. Løbegård med fast/drænet gulv + spaltegulv (50%/50%),Gylle,0.51,0.35,0.07,7.31,0.0040936,0,9761.193,9761.193,4978.20843,3416.41755,683.28351,0.762065961994013,0.9774624645359,3.39306301401955,0.117836279156887,13.3447197325058,0.747686575864774,0.95901877211901,3.32903947055651,0.115612832050555,16.9453126111273,0.406485921240563,0.0534849896369162
80,10,2021,41,"Smågrise, øko",Delvis spaltegulv inde. Løbegård med fast/drænet gulv + spaltegulv (50%/50%),Gylle,0.51,0.35,0.07,7.31,0.0040936,0,9761.193,9761.193,4978.20843,3416.41755,683.28351,0.184657364606472,0.422243480701725,3.7426079516337,0.126000702452374,14.2693241195025,0.181173073639931,0.414276188692412,3.67198886148816,0.123623201234006,17.8524706822399,0.406485921240563,0.0534849896369162
80,10,2021,42,"Slagtesvin, Øko",Delvis spaltegulv inde. Løbegård med fast/drænet gulv + spaltegulv (50%/50%),Gylle,3.96,2.74,0.51,7.84,0.0319872,0,82798.904,82798.904,327883.65984,226868.99696,42227.44104,1.89284331268802,2.06478443105253,2.70852610152438,0.101847350370952,11.5340059608395,1.8571273428997,2.02582411253881,2.6574190522697,0.0999255975959145,15.1687651108743,0.406485921240563,0.0534849896369162
80,10,2021,42,"Slagtesvin, Øko",Delvis spaltegulv inde. Løbegård med fast/drænet gulv + spaltegulv (50%/50%),Gylle,3.96,2.74,0.51,7.84,0.0319872,0,82798.904,82798.904,327883.65984,226868.99696,42227.44104,0.762065961994013,0.9774624645359,3.39306301401955,0.117836279156887,13.3447197325058,0.747686575864774,0.95901877211901,3.32903947055651,0.115612832050555,16.9453126111273,0.406485921240563,0.0534849896369162
80,10,2021,42,"Slagtesvin, Øko",Delvis spaltegulv inde. Løbegård med fast/drænet gulv + spaltegulv (50%/50%),Gylle,3.96,2.74,0.51,7.84,0.0319872,0,82798.904,82798.904,327883.65984,226868.99696,42227.44104,0.184657364606472,0.422243480701725,3.7426079516337,0.126000702452374,14.2693241195025,0.181173073639931,0.414276188692412,3.67198886148816,0.123623201234006,17.8524706822399,0.406485921240563,0.0534849896369162
81,5,2021,40,"Årssøer, øko",Ude,Ude,14.27,14.27,2.44,7.66,0,0.1495232,3172.308,3172.308,45268.83516,45268.83516,7740.43152,,,,,,,,,,,,
81,5,2021,41,"Smågrise, øko",Ude,Ude,0.51,0.51,0.07,7.31,0,0.0040936,76205.807,76205.807,38864.96157,38864.96157,5334.40649,,,,,,,,,,,,
81,5,2021,42,"Slagtesvin, Øko",Ude,Ude,3.96,3.96,0.51,7.84,0,0.0319872,13724.818,13724.818,54350.27928,54350.27928,6999.65718,,,,,,,,,,,,
